year,y
2000,1.91142857143
2002,4.76507936508
2004,2.61587301588
2008,1.42857142857
2010,3.13
2012,5.47
2014,6.66142857143
2016,3.75428571429
