year,y
2000,0.93
2002,1.47142857142
2004,1.34857142857
2006,0.74571428572
2008,0.92714285715
2010,2.59571428572
2012,3.13285714286
2014,2.72714285714
2016,1.84857142857
