year,y
2000,4.02833333334
2002,2.725
2004,4.2225
2006,2.22083333333
2008,1.54166666667
2010,4.0775
2012,1.48111111112
2014,0.82444444444
2016,1.33580246913
