year,y
2000,7.455
2002,4.07
2004,0.497222222222
2008,8.82777777778
2010,3.8025
2012,8.3025
2014,5.415
2016,5.37
