year,y
2000,5.58666666666
2002,3.9875
2004,6.64
2008,2.76527777778
2010,3.10875
2012,2.60555555556
2014,0.91111111112
2016,3.11
