year,y
2000,1.70961538461
2002,0.602096436056
2004,0.66264150943
2008,0.55641509434
2010,1.29226415094
2012,1.99264150944
2014,3.59601677149
2016,1.89905660378
