year,y
2000,1.12072649572
2002,0.373584905667
2004,0.273165618444
2006,0.34433962265
2008,0.20452830189
2010,0.72056603773
2012,1.5541509434
2014,2.09660377358
2016,1.5158490566
