year,y
2000,0.84833333333
2002,1.42857142858
2004,3.98095238096
2008,2.42
2010,3.17460317461
2012,3.47619047619
2014,2.94920634921
2016,1.3
