year,y
2000,1.20333333333
2002,1.93571428572
2004,2.34761904761
2006,1.80857142857
2008,1.59714285715
2010,2.13015873016
2012,2.01904761904
2014,1.74126984128
2016,1.32380952381
