year,y
2000,2.33148148148
2002,1.85555555556
2004,0.75
2006,1.676
2008,2.704
2010,5.678
2012,2.672
2014,5.31
2016,6.818
