year,y
2000,3.70370370371
2002,2.55111111111
2004,1.338
2008,2.672
2010,5.984
2012,9.672
2014,5.73
2016,7.662
