year,y
2000,3.78792270532
2002,2.866
2004,2.8084
2008,3.32977777778
2010,2.8472
2012,2.70777777778
2014,1.16008230453
2016,3.0987654321
