year,y
2000,1.37565217391
2002,1.588
2004,1.3952
2006,3.3324
2008,1.88177777778
2010,1.762
2012,1.98765432099
2014,1.00185185185
2016,1.65267489711
