year,y
2000,2.70181818181
2002,0.12384615385
2004,3.11111111111
2008,1.52230769231
2010,5.61846153846
2012,1.07301587301
2014,1.88714285714
2016,2.11714285714
