year,y
2000,2.49818181818
2002,0.41076923076
2004,0.83846153846
2006,0.71384615384
2008,0.0760683760778
2010,0.57153846153
2012,0.575
2014,1.02214285714
2016,1.93785714285
