year,y
2000,0.711111111111
2002,0.1730994152
2004,0.5730994152
2006,0.91631578947
2008,1.19578947369
2010,1.30058479532
2012,2.21777777778
2014,1.49197530864
2016,0.661728395067
