year,y
2000,1.66277777778
2002,0.563157894744
2004,0.902339181278
2008,1.57
2010,2.92222222222
2012,3.52530864198
2014,2.66419753087
2016,1.48209876543
