year,y
2000,2.57444444444
2002,1.47222222223
2004,0.78555555556
2008,0.219753086422
2010,2.75111111111
2012,3.8962962963
2014,5.19444444444
2016,4.28777777778
