year,y
2000,2.41444444444
2002,2.01111111111
2004,1.71111111112
2006,2.46172839507
2008,0.109876543211
2010,2.12888888889
2012,3.38765432099
2014,3.72666666667
2016,2.41222222223
