year,y
2000,4.326
2002,6.69111111111
2004,7.02
2008,2.18
2010,0.0
2012,6.89722222222
2014,7.73333333333
2016,5.23888888889
