year,y
2000,3.232
2002,5.66444444444
2004,4.524
2006,3.31333333333
2008,1.17111111111
2010,1.746
2012,3.84444444444
2014,5.03611111111
2016,5.29166666667
