year,y
2000,3.28333333334
2002,2.76833333334
2004,4.41333333333
2008,2.15925925927
2010,3.34333333334
2012,1.975
2014,3.31
2016,2.354
