year,y
2000,3.80166666666
2002,1.97
2004,3.22666666666
2006,3.83148148148
2008,1.39814814814
2010,0.645
2012,0.795
2014,2.555
2016,1.984
