year,y
2000,2.10285714286
2002,0.15571428572
2004,0.36571428571
2006,1.73285714286
2008,1.33571428572
2010,1.57142857143
2012,0.91166666666
2014,1.83833333333
2016,1.715
