year,y
2000,0.22714285714
2002,1.18
2004,0.0
2008,1.17857142857
2010,6.68714285714
2012,0.0
2014,2.50833333333
2016,0.0
