year,y
2000,7.187
2002,8.331
2004,6.842
2008,8.494
2010,5.363
2012,4.99
2014,5.58222222223
2016,8.11222222223
