year,y
2000,6.789
2002,5.552
2004,5.866
2006,6.777
2008,7.649
2010,4.729
2012,3.33111111111
2014,2.42222222222
2016,6.0
