year,y
2000,0.21625
2002,2.07222222222
2004,0.35
2006,0.89125
2008,1.255
2010,2.4475
2012,3.56375
2014,2.92625
2016,3.3775
