year,y
2000,0.39875
2002,2.77777777778
2004,0.6625
2008,2.47625
2010,3.75
2012,4.57625
2014,3.985
2016,4.8275
