year,y
2000,0.625694444444
2002,0.321481481478
2004,0.220740740744
2006,0.908888888889
2008,1.27481481481
2010,1.9037037037
2012,0.9619047619
2014,1.01031746031
2016,0.839682539678
