year,y
2000,1.19305555556
2002,1.60888888889
2004,0.3637037037
2008,1.86
2010,3.11259259259
2012,2.12301587301
2014,1.22857142857
2016,0.867460317456
