year,y
2000,1.6925
2002,0.375
2004,0.254166666667
2006,1.03
2008,0.84625
2010,2.29861111111
2012,2.98625
2014,2.56805555556
2016,4.29722222222
