year,y
2000,1.82222222222
2002,0.0
2004,0.0
2008,1.23456790124
2010,0.34777777778
2012,2.05875
2014,2.89875
2016,1.12125
