year,y
2000,0.377777777778
2002,5.55555555556
2004,3.74166666667
2008,1.665
2010,4.175
2012,2.77777777778
2014,4.2525
2016,0.4375
