year,y
2000,1.0375
2002,4.52361111111
2004,0.86125
2008,2.72875
2010,4.64861111111
2012,4.12875
2014,4.54
2016,5.22375
