year,y
2000,1.0901234568
2002,0.0
2004,0.222222222222
2006,0.0
2008,0.865432098767
2010,0.60555555555
2012,1.1225
2014,1.58125
2016,1.13125
