year,y
2000,0.195555555556
2002,0.227777777778
2004,0.0
2006,0.0
2008,2.0625
2010,3.75277777778
2012,1.3625
2014,0.285
2016,0.4825
