year,y
2000,2.97037037038
2002,2.44700854701
2004,2.13076923078
2008,0.8547008547
2010,0.137606837611
2012,6.13418803419
2014,6.02076923077
2016,4.81880341881
