year,y
2000,9.09090909091
2002,9.2
2004,9.23
2006,9.14
2008,9.09090909091
2010,9.08
2012,9.09090909091
2014,9.1
2016,8.9
