year,y
2000,0.55
2002,3.33333333334
2004,0.0
2008,2.79
2010,3.89333333334
2012,3.33333333334
2014,3.33333333334
2016,3.03
