year,y
2000,3.32
2002,5.6
2004,1.35666666667
2006,7.76333333333
2008,1.60333333334
2010,3.31666666666
2012,1.81666666667
2014,1.88333333334
2016,1.84
