year,y
2000,0.395
2002,2.38666666667
2004,2.43
2006,3.95925925927
2008,2.70370370371
2010,2.42592592593
2012,2.48611111111
2014,2.1425
2016,2.60277777778
