year,y
2000,1.37037037038
2002,0.0
2004,1.2962962963
2006,1.48333333334
2008,6.04
2010,5.11111111111
2012,2.34
2014,1.01481481482
2016,0.93
