year,y
2000,0.66870967742
2002,0.360536398467
2004,0.81862068965
2006,0.85379310345
2008,2.06965517241
2010,2.48892857143
2012,1.26296296296
2014,1.65777777778
2016,0.53296296296
