year,y
2000,8.305
2002,8.975
2004,9.245
2008,10.0
2010,11.1111111111
2012,11.1111111111
2014,10.1333333333
2016,8.1
