year,y
2000,7.395
2002,8.615
2004,8.225
2006,8.26666666667
2008,7.25
2010,6.79444444444
2012,7.95555555556
2014,6.13333333333
2016,8.23888888889
