year,y
2000,0.934188034189
2002,0.0
2004,0.161538461544
2006,0.36461538461
2008,0.61615384615
2010,1.29401709401
2012,0.07416666667
2014,0.718181818189
2016,0.815740740744
