year,y
2000,1.44444444444
2002,2.55641025641
2004,0.303418803422
2008,0.89538461538
2010,2.1282051282
2012,1.37685185184
2014,1.3494949495
2016,1.25648148148
