year,y
2000,2.43703703704
2002,4.20740740741
2004,2.47777777778
2008,5.57
2010,8.01851851852
2012,4.49666666667
2014,7.04666666667
2016,1.67666666667
