year,y
2000,11.1111111111
2002,11.1111111111
2004,10.0
2008,10.0
2010,11.1111111111
2012,11.1111111111
2014,9.31111111111
2016,9.29
