year,y
2000,1.35648148148
2002,1.31025641026
2004,1.28205128206
2006,1.17094017094
2008,0.609401709411
2010,0.767521367522
2012,4.11111111111
2014,2.61538461539
2016,2.76666666667
