year,y
2000,0.795
2002,1.71666666667
2004,3.33333333334
2008,3.70370370371
2010,3.70370370371
2012,4.63611111111
2014,2.5
2016,5.55555555556
