year,y
2000,1.02225806451
2002,6.65931034483
2004,1.3824137931
2008,2.00034482759
2010,2.38857142857
2012,1.35444444445
2014,2.85481481482
2016,0.37185185185
