year,y
2000,1.37602339181
2002,1.29888888889
2004,1.86604938271
2008,2.65987654321
2010,2.925
2012,4.07013888889
2014,2.885
2016,2.331875
