year,y
2000,0.850877192978
2002,0.62944444445
2004,0.5413580247
2006,1.09074074074
2008,1.69506172839
2010,2.88277777777
2012,2.36180555556
2014,2.0375
2016,1.415
