year,y
2000,3.03833333333
2002,5.89777777778
2004,5.12888888889
2008,4.398
2010,3.006
2012,3.628
2014,1.31
2016,1.642
