year,y
2000,2.516
2002,1.958
2004,2.944
2006,2.796
2008,1.278
2010,3.88666666667
2012,3.304
2014,3.404
2016,0.946666666667
