year,y
2000,0.935449735456
2002,1.51052631579
2004,0.787134502922
2006,1.95087719298
2008,2.26631578947
2010,3.18187134502
2012,1.10555555556
2014,1.7475308642
2016,1.83333333333
