year,y
2000,2.03015873017
2002,2.43274853801
2004,3.02923976609
2008,4.1918128655
2010,5.17309941521
2012,1.87716049382
2014,2.04135802469
2016,3.79012345679
