year,y
2000,9.04
2002,8.17777777778
2004,8.04444444444
2006,7.99
2008,8.13
2010,7.96666666667
2012,9.01
2014,9.1
2016,9.06
