year,y
2000,1.85
2002,1.515
2004,0.47
2006,1.335
2008,2.54444444444
2010,2.69833333333
2012,3.52571428572
2014,3.57
2016,4.31857142857
