year,y
2000,10.0
2002,11.1111111111
2004,11.1111111111
2008,10.0
2010,11.1111111111
2012,10.0
2014,10.0
2016,9.22
