year,y
2000,2.5
2002,5.24074074074
2004,1.39
2008,3.70370370371
2010,2.19166666667
2012,4.89571428571
2014,4.27714285714
2016,1.64509803921
