year,y
2000,0.0
2002,2.46913580248
2004,1.03580246913
2008,1.47111111112
2010,2.58555555556
2012,1.50333333334
2014,2.22222222223
2016,1.51444444445
