year,y
2000,0.0
2002,0.5962962963
2004,0.240740740744
2006,0.0
2008,0.0
2010,2.60333333333
2012,1.40222222222
2014,2.03666666667
2016,1.53222222222
