year,y
2000,1.72259259259
2002,1.6725
2004,2.8621875
2008,2.72395833333
2010,2.071875
2012,2.83
2014,5.19111111111
2016,2.68527777778
