year,y
2000,0.432592592589
2002,0.597222222222
2004,1.8215625
2006,1.5615625
2008,1.7790625
2010,1.6540625
2012,1.94611111111
2014,1.92166666667
2016,2.3025
