year,y
2000,1.6876846342
2002,1.24664000808
2004,1.39956435018
2006,1.66156245414
2008,1.53739125453
2010,2.3440570865
2012,2.2316513199
2014,2.20319321614
2016,2.18412140645
