year,y
2000,2.3643168243
2002,3.07490076223
2004,2.33008254463
2008,2.84446018141
2010,3.37648764877
2012,3.60952794176
2014,3.77534146553
2016,2.68753122982
