year,y
2000,3.33333333334
2002,3.33333333334
2004,1.74666666667
2008,0.0
2010,0.0
2012,2.9025
2014,5.0
2016,4.2
