year,y
2000,2.17666666667
2002,2.41
2004,0.95333333334
2006,0.311111111111
2008,0.0
2010,0.0
2012,2.725
2014,3.64
2016,1.39
