year,y
2000,0.798989898989
2002,1.05909090909
2004,2.63545454545
2006,2.57777777778
2008,2.00101010101
2010,3.14909090909
2012,5.02363636363
2014,1.85909090909
2016,1.91313131313
