year,y
2000,2.1797979798
2002,4.96
2004,4.23181818182
2008,4.21111111111
2010,3.96727272728
2012,5.65858585859
2014,4.2
2016,2.19898989899
