year,y
2000,3.2938271605
2002,3.44938271606
2004,3.33555555556
2008,3.09222222223
2010,5.93580246913
2012,2.47037037038
2014,4.004
2016,4.64222222222
