year,y
2000,1.90864197531
2002,0.339506172844
2004,1.93777777778
2006,1.68666666667
2008,1.51111111111
2010,3.43580246913
2012,2.01555555556
2014,1.42888888889
2016,1.46555555556
