year,y
2000,1.03703703704
2002,0.659722222222
2004,0.0
2008,2.09861111111
2010,1.90375
2012,2.51527777778
2014,1.3875
2016,0.693055555556
