year,y
2000,0.567901234578
2002,0.0
2004,0.113888888889
2006,1.03611111111
2008,1.02777777778
2010,2.6075
2012,1.42361111111
2014,0.776388888889
2016,0.0
