year,y
2000,0.0
2002,0.0
2004,0.28666666667
2006,0.92666666667
2008,1.21666666667
2010,1.81333333334
2012,2.06333333334
2014,5.45666666667
2016,4.17333333334
