year,y
2000,3.33333333334
2002,1.61
2004,0.60666666667
2008,1.08666666667
2010,0.54
2012,3.33333333334
2014,4.41
2016,4.93666666667
