year,y
2000,8.02142857145
2002,4.52222222221
2004,28.5714285714
2008,-28.5942857143
2010,-9.20142857146
2012,11.0185714286
2014,9.17571428572
2016,-6.96428571429
