year,y
2000,37.4128571429
2002,20.1206349206
2004,36.0885714286
2006,38.2428571429
2008,-10.09
2010,6.25714285715
2012,46.0728571429
2014,52.1585714286
2016,35.4285714286
