year,y
2000,-1.58
2002,3.48375
2004,4.15125
2008,-14.9902777778
2010,-35.56875
2012,3.04777777782
2014,5.16444444448
2016,11.4255555556
