year,y
2000,24.655
2002,-6.7775
2004,0.994444444444
2008,12.1944444444
2010,-19.6325
2012,-37.4675
2014,-30.725
2016,15.17
