year,y
2000,19.025
2002,14.625
2004,8.495
2006,-7.56527777778
2008,-19.4569444444
2010,-15.05125
2012,-5.2866666667
2014,-10.0166666667
2016,6.19506172841
