year,y
2000,2.27905982909
2002,-19.7901467506
2004,-19.4745283019
2008,-16.4809433962
2010,-15.070754717
2012,1.03132075471
2014,4.65932914044
2016,5.37641509434
