year,y
2000,3.29666666667
2002,-4.34000000003
2004,16.0253968254
2008,-16.82
2010,-14.1063492063
2012,10.1682539683
2014,4.50158730162
2016,4.88888888896
