year,y
2000,8.37833333334
2002,5.83000000003
2004,16.2079365079
2006,-4.64428571433
2008,-26.8685714286
2010,-4.45079365079
2012,4.02380952381
2014,8.70476190479
2016,9.05714285718
