year,y
2000,6.48703703704
2002,14.6288888889
2004,18.166
2006,13.302
2008,-7.642
2010,-6.356
2012,-16.014
2014,-5.776
2016,-6.858
