year,y
2000,21.5888888889
2002,18.4333333333
2004,20.0
2008,5.984
2010,23.46
2012,35.724
2014,21.378
2016,31.432
