year,y
2000,10.5504347826
2002,26.0868
2004,31.6656
2006,-8.7856
2008,12.7653333333
2010,14.916
2012,13.2814814815
2014,19.3837037037
2016,-0.432510288067
