year,y
2000,-5.50338164251
2002,17.7032
2004,4.5516
2008,15.3128888889
2010,2.8792
2012,-0.59814814815
2014,6.64979423872
2016,12.5152263375
