year,y
2000,11.4963636364
2002,8.78846153851
2004,0.94153846154
2006,10.9476923077
2008,7.77264957273
2010,10.3884615385
2012,27.2085714286
2014,30.6757142857
2016,42.9978571429
