year,y
2000,-1.42727272728
2002,-7.43692307701
2004,-8.39230769231
2008,17.2338461539
2010,26.8469230769
2012,14.2714285715
2014,19.0221428571
2016,18.3464285714
