year,y
2000,13.002
2002,-16.4933333333
2004,0.32
2008,-12.5933333333
2010,-20.0
2012,3.39444444444
2014,-20.375
2016,-14.4472222222
