year,y
2000,28.658
2002,13.0422222222
2004,23.552
2006,-3.92
2008,-16.0377777778
2010,-13.032
2012,0.811111111111
2014,2.25555555556
2016,10.7833333333
