year,y
2000,6.19555555556
2002,4.3795321638
2004,4.14970760236
2008,3.83789473686
2010,8.42339181287
2012,6.8450617284
2014,-3.95802469138
2016,-5.08024691357
