year,y
2000,-7.42222222222
2002,-11.298888889
2004,-8.86000000007
2008,-10.2679012346
2010,-9.42222222223
2012,6.27777777777
2014,12.1666666666
2016,0.88333333332
