year,y
2000,4.09333333333
2002,-2.39111111113
2004,1.37999999998
2006,-2.04197530862
2008,-10.6740740741
2010,8.57666666667
2012,22.3530864198
2014,29.3511111111
2016,33.7022222222
