year,y
2000,-15.3433333333
2002,11.5933333334
2004,-0.08333333335
2008,12.3537037037
2010,19.4383333334
2012,11.4533333333
2014,19.515
2016,34.786
