year,y
2000,5.49166666666
2002,20.5966666667
2004,23.5466666667
2006,21.3888888889
2008,13.3333333333
2010,32.3366666667
2012,31.5383333334
2014,32.8633333333
2016,34.08
