year,y
2000,14.7457142858
2002,-37.8585714286
2004,-14.2857142858
2008,-35.8785714286
2010,-3.74999999998
2012,0.0
2014,-9.94333333334
2016,0.0
