year,y
2000,33.0828571429
2002,42.7014285715
2004,15.4285714286
2006,36.5585714286
2008,-16.7328571429
2010,32.6414285715
2012,61.415
2014,50.9783333333
2016,55.6716666666
