year,y
2000,24.446
2002,30.601
2004,21.339
2008,37.085
2010,27.025
2012,8.02333333333
2014,16.7111111111
2016,31.5122222222
