year,y
2000,0.0
2002,-9.0
2004,-46.3675
2008,-36.7175
2010,-13.78375
2012,-9.28875
2014,-16.56
2016,-30.0425
