year,y
2000,-11.457
2002,-13.061
2004,-14.522
2006,-12.396
2008,-10.112
2010,2.596
2012,-19.0766666666
2014,-26.4811111111
2016,-13.2711111111
