year,y
2000,-0.71
2002,-21.7958333333
2004,-48.04125
2006,-43.2925
2008,-43.22625
2010,-28.66375
2012,-29.4
2014,-32.4975
2016,-29.86625
