year,y
2000,-9.33541666667
2002,19.7859259259
2004,19.7466666667
2008,12.4081481481
2010,1.03777777778
2012,25.3753968254
2014,25.6301587301
2016,27.2563492063
