year,y
2000,-12.6541666667
2002,19.7392592593
2004,19.8622222222
2006,16.6533333333
2008,5.78814814814
2010,6.56666666667
2012,22.9182539682
2014,26.0809523809
2016,25.853968254
