year,y
2000,-1.69125
2002,-32.875
2004,2.14125
2008,-7.855
2010,-2.72083333333
2012,12.9675
2014,22.33375
2016,-3.97125
