year,y
2000,3.93580246913
2002,11.1111111112
2004,11.750617284
2006,11.1111111112
2008,2.96049382716
2010,12.9600000001
2012,45.2075
2014,44.4925
2016,38.60875
