year,y
2000,-5.12125
2002,-0.447222222222
2004,-0.859722222222
2006,-7.26875
2008,-21.6975
2010,-1.79166666667
2012,-0.68125
2014,4.09583333333
2016,10.0708333333
