year,y
2000,1.20246913586
2002,11.1111111112
2004,11.1111111112
2008,2.43950617287
2010,10.7511111112
2012,41.14375
2014,40.21
2016,32.4725
