year,y
2000,-19.2444444444
2002,19.0277777778
2004,-12.8444444444
2008,-4.9925
2010,-13.6166666667
2012,15.2027777778
2014,32.3675
2016,49.1375
