year,y
2000,-19.6088888889
2002,0.455555555556
2004,0.0
2006,0.0
2008,-16.7275
2010,7.7
2012,40.205
2014,49.715
2016,49.5325
