year,y
2000,0.467592592589
2002,-3.63418803413
2004,-1.62478632473
2008,-13.6495726496
2010,-22.8017094018
2012,19.6418803419
2014,25.29
2016,32.576923077
