year,y
2000,9.86363636364
2002,8.94
2004,9.19
2006,9.52
2008,8.85454545455
2010,8.2
2012,9.01818181818
2014,9.86
2016,9.14
