year,y
2000,22.0
2002,-33.2444444444
2004,40.04
2008,39.22
2010,-33.2888888889
2012,-22.3555555556
2014,-45.0444444444
2016,-40.42
