year,y
2000,-32.7833333334
2002,-13.6266666667
2004,-33.3333333334
2008,16.3633333334
2010,-7.04
2012,13.32
2014,13.04
2016,-5.10666666668
