year,y
2000,-13.4233333334
2002,4.08999999999
2004,-27.07
2006,3.74666666666
2008,24.0933333334
2010,8.56333333334
2012,22.4566666667
2014,22.25
2016,22.3466666667
