year,y
2000,27.7481481482
2002,33.3333333334
2004,29.8814814815
2006,25.96
2008,-1.83333333336
2010,4.2296296296
2012,-12.1133333333
2014,-27.5814814815
2016,-29.6266666667
