year,y
2000,-31.56
2002,-39.205
2004,-37.2
2008,31.5
2010,-25.7111111111
2012,32.7222222222
2014,5.70555555556
2016,20.0111111111
