year,y
2000,10.02
2002,9.575
2004,7.86
2006,-5.22222222222
2008,-11.74
2010,6.13333333333
2012,-5.58333333333
2014,-6.22777777778
2016,-2.54444444444
