year,y
2000,1.26495726496
2002,-7.6923076924
2004,-7.23247863256
2006,-9.4015384616
2008,-11.49
2010,-11.964957265
2012,0.14083333333
2014,6.22020202024
2016,-5.83148148148
