year,y
2000,2.63247863256
2002,5.0623931624
2004,-7.09829059837
2008,-8.71538461545
2010,-11.0333333334
2012,13.5611111111
2014,4.34141414147
2016,-1.18796296298
