year,y
2000,27.1925925926
2002,22.2296296297
2004,27.6851851852
2008,30.6
2010,15.8444444444
2012,4.03999999997
2014,25.7366666667
2016,-26.5666666667
