year,y
2000,8.33148148147
2002,-0.238461538456
2004,2.53162393163
2006,-7.16153846156
2008,-17.6307692308
2010,-19.1025641026
2012,37.6222222222
2014,40.2238461539
2016,42.1136752137
