year,y
2000,-0.395
2002,-16.34
2004,10.88
2006,9.42592592594
2008,6.38518518519
2010,-12.7370370371
2012,-1.39444444444
2014,-6.835
2016,-28.6138888889
