year,y
2000,-0.795
2002,-29.3800000001
2004,-3.32333333336
2008,23.7
2010,-18.525925926
2012,-3.1
2014,-17.255
2016,-0.827777777778
