year,y
2000,-14.5929032258
2002,-4.46758620686
2004,-19.3724137931
2008,-2.17068965515
2010,5.09571428571
2012,6.81777777777
2014,7.18555555557
2016,-1.45111111117
