year,y
2000,9.65029239767
2002,30.1827777778
2004,32.1024691358
2006,15.0117283951
2008,4.14444444444
2010,9.91333333333
2012,36.9326388889
2014,40.33375
2016,42.6425
