year,y
2000,4.16783625728
2002,23.1044444445
2004,28.4592592593
2008,9.71111111111
2010,-5.51666666668
2012,26.8861111111
2014,35.4025
2016,42.650625
