year,y
2000,3.53666666665
2002,21.9733333333
2004,0.0577777777778
2008,40.228
2010,2.746
2012,-25.494
2014,23.482
2016,28.338
