year,y
2000,-35.616
2002,-35.692
2004,-30.524
2006,-27.794
2008,-27.782
2010,-26.3866666667
2012,-27.35
2014,-32.764
2016,-14.0044444444
