year,y
2000,2.99470899473
2002,16.3871345029
2004,20.6730994152
2006,9.92163742688
2008,4.76315789473
2010,16.085380117
2012,39.7209876543
2014,36.5475308642
2016,34.3450617284
