year,y
2000,9.81005291008
2002,11.0274853801
2004,20.0432748538
2008,21.049122807
2010,1.47777777781
2012,37.7308641975
2014,28.387654321
2016,13.0685185185
