year,y
2000,18.3566666667
2002,-16.6592592593
2004,6.83666666666
2008,5.04259259261
2010,1.53333333332
2012,14.2785714286
2014,9.7842857143
2016,25.4928104575
