year,y
2000,7.18
2002,7.51111111111
2004,-8.08888888889
2006,-9.35
2008,-8.33
2010,3.22222222222
2012,9.25
2014,8.98
2016,9.46
