year,y
2000,-39.22
2002,-40.9777777778
2004,40.7111111111
2008,40.64
2010,-22.6888888889
2012,-40.98
2014,-39.74
2016,-39.82
