year,y
2000,22.9766666667
2002,14.865
2004,31.4033333334
2006,28.3983333334
2008,13.7703703704
2010,16.8366666667
2012,37.4371428571
2014,29.3757142857
2016,37.7657142857
