year,y
2000,-9.85888888889
2002,-5.804375
2004,3.30125
2008,-0.231597222222
2010,-2.954375
2012,5.8961111111
2014,-5.80333333333
2016,21.5380555556
