year,y
2000,-14.6088888889
2002,-9.89375
2004,14.649375
2006,20.0078125
2008,9.93375
2010,18.2934375
2012,17.3113888889
2014,19.6305555555
2016,17.3483333333
