year,y
2000,11.1111111112
2002,-7.68024691362
2004,-10.0296296297
2006,-11.1111111112
2008,-11.1111111112
2010,14.65
2012,29.3177777778
2014,35.1388888889
2016,43.4177777778
