year,y
2000,11.1111111112
2002,-12.9777777778
2004,-6.950617284
2008,-4.81333333338
2010,-6.26888888887
2012,8.09888888892
2014,13.24
2016,35.9255555556
