year,y
2000,2.24041211784
2002,-1.44213476708
2004,0.401950945696
2008,0.0594578605771
2010,-4.84482725529
2012,8.4154635589
2014,7.58282490639
2016,11.2621798096
