year,y
2000,3.55945209986
2002,5.12690831005
2004,5.61891604356
2006,2.43527762583
2008,-6.34654800017
2010,4.24248407974
2012,13.3602486342
2014,15.0692293187
2016,16.1372558411
