year,y
2000,6.81333333334
2002,6.58666666668
2004,29.9600000001
2008,33.3333333334
2010,33.3333333334
2012,6.97
2014,-2.57
2016,-3.7475
