year,y
2000,18.3700000001
2002,18.6766666667
2004,31.4566666667
2006,-32.7111111112
2008,33.3333333334
2010,33.3333333334
2012,19.825
2014,16.4925
2016,-8.25
