year,y
2000,10.991919192
2002,29.0
2004,-4.78636363636
2008,-2.87474747478
2010,-22.6309090909
2012,9.17474747476
2014,10.5707070707
2016,13.6848484849
