year,y
2000,1.8424242424
2002,38.9309090909
2004,18.6636363636
2006,20.1222222222
2008,12.1444444444
2010,13.7136363636
2012,24.13
2014,34.76
2016,31.7101010101
