year,y
2000,-11.9012345679
2002,-9.22716049388
2004,-19.0366666667
2006,-19.0333333333
2008,-21.2777777778
2010,0.446913580233
2012,-3.64111111111
2014,-8.66666666667
2016,-9.92
