year,y
2000,-0.446913580256
2002,-9.16543209876
2004,-7.78333333336
2008,-10.7211111111
2010,0.770370370344
2012,2.48888888887
2014,14.908
2016,-19.2611111111
