year,y
2000,-6.70370370371
2002,0.0
2004,0.227777777778
2006,-13.8527777778
2008,-17.5916666667
2010,-0.37875
2012,22.0847222222
2014,22.4722222222
2016,25.0
