year,y
2000,-7.3456790124
2002,-0.977777777778
2004,0.233333333333
2008,-8.39444444444
2010,-14.62875
2012,19.4416666667
2014,20.4069444444
2016,24.7361111111
