year,y
2000,-32.6900000001
2002,-33.3333333334
2004,-31.2133333334
2006,-29.7933333334
2008,-27.15
2010,-22.62
2012,15.7333333334
2014,-0.81333333331
2016,16.1833333333
