year,y
2000,21.6766666667
2002,-26.9033333334
2004,-29.3166666667
2008,-28.9433333334
2010,-32.7933333334
2012,2.78666666668
2014,-29.0933333334
2016,-1.68333333332
