year,y
2000,-66.8810543782
2002,-66.9100486984
2004,-64.7069784866
2008,-69.6636615709
2010,-68.594687537
2012,-66.1579707929
2014,-63.8576527953
2016,-67.3129158571
