year,y
2000,11.8076260171
2002,0.0691289273685
2004,31.1963018888
2008,-28.5853799298
2010,-13.3045060658
2012,7.96583487126
2014,12.3089931067
2016,-9.42553832168
