year,y
2000,20.262986495
2002,11.2233200126
2004,20.6415331092
2006,20.931976632
2008,-5.20482382612
2010,3.6258973477
2012,26.3751477411
2014,30.2240150549
2016,20.3520151992
