year,y
2000,6.88762921476
2002,12.1422431856
2004,12.7161083161
2006,8.45593278717
2008,6.73600642153
2010,12.566405787
2012,15.2737103084
2014,9.70878938028
2016,10.9688102907
