year,y
2000,5.88955062491
2002,-22.7679711588
2004,-24.2082727713
2006,-16.273058842
2008,-25.0
2010,3.72238175872
2012,-8.1416356735
2014,-1.13772719236
2016,22.7800644783
