year,y
2000,9.07121112154
2002,10.8356436467
2004,16.8519562134
2008,-22.1224199884
2010,-46.0410178919
2012,11.1111111112
2014,9.16244968317
2016,7.27396446542
