year,y
2000,14.4719522324
2002,10.0646035898
2004,6.43022954739
2006,-2.4602013438
2008,-11.2850822516
2010,-6.71449174697
2012,-4.61381664651
2014,-5.5555555556
2016,3.26670581473
