year,y
2000,24.1930384769
2002,-8.4738037045
2004,0.0
2008,16.442639233
2010,-21.0654127903
2012,-54.4017926759
2014,-37.8839545584
2016,13.9533329352
