year,y
2000,4.46459480761
2002,-20.7591021796
2004,-20.2815540246
2008,-17.4536708514
2010,-17.3424079161
2012,1.2132990191
2014,2.9755689052
2016,6.39291157118
