year,y
2000,5.16386177227
2002,3.07804101146
2004,8.68819310895
2006,-2.29621287896
2008,-16.2863179748
2010,-0.45341336341
2012,1.84745187759
2014,5.00797567301
2016,6.04168666877
