year,y
2000,25.0182266528
2002,20.0
2004,20.0
2008,6.79000762622
2010,19.5085265659
2012,46.2229960181
2014,12.9574562557
2016,-6.30293361824
