year,y
2000,1.89584676436
2002,8.29850529172
2004,10.0
2006,7.20680639175
2008,-3.54792885416
2010,-5.40416301952
2012,-10.8549713232
2014,-4.71191063188
2016,-7.1850421935
