year,y
2000,-64.9491558136
2002,-64.1258953267
2004,-65.247268364
2008,-65.4614170754
2010,67.5735705804
2012,65.5140245991
2014,64.4857646461
2016,65.5546167966
