year,y
2000,4.72176557376
2002,4.41054180586
2004,5.2140434585
2006,7.67527726932
2008,6.66772129855
2010,-12.7991538033
2012,-5.43739893088
2014,-7.41273713181
2016,-8.81218908224
