year,y
2000,-10.052437912
2002,21.2152933597
2004,5.75183315175
2008,18.6255093143
2010,1.51167343175
2012,0.758203633583
2014,3.78449371766
2016,8.02843020974
