year,y
2000,6.47072753425
2002,14.6024751304
2004,18.044822504
2006,-2.77446754679
2008,8.2520247979
2010,8.27119017735
2012,9.05055109416
2014,10.5023376315
2016,1.51994599187
