year,y
2000,-1.12214456391
2002,-7.6923076924
2004,-6.76443676361
2008,21.8186026538
2010,33.9424594632
2012,14.2857142858
2014,23.7213732627
2016,14.5172844541
