year,y
2000,7.35828307234
2002,3.8461538462
2004,1.02750712303
2006,4.06808729963
2008,3.8461538462
2010,4.77503337479
2012,14.2857142857
2014,16.4714666407
2016,23.2449019861
