year,y
2000,-11.4391202279
2002,0.0
2004,-5.17010664648
2006,-12.6644449966
2008,-8.59149109586
2010,0.0
2012,0.0
2014,0.0
2016,-12.0576545247
