year,y
2000,16.7751670338
2002,0.0
2004,67.4147584733
2008,63.2733065667
2010,0.0
2012,0.0
2014,0.0
2016,66.7156776682
