year,y
2000,18.2612751689
2002,9.21768008201
2004,18.2480810602
2006,1.83274370295
2008,-10.0
2010,-10.0
2012,-2.64076564556
2014,3.86529418463
2016,8.56324070914
