year,y
2000,18.2207528159
2002,-22.9642618899
2004,6.55977676652
2008,-20.0
2010,-20.0
2012,1.74877369417
2014,-30.0557439275
2016,-15.5625093638
