year,y
2000,-24.0907894736
2002,0.0
2004,0.0
2008,0.0
2010,0.0
2012,-58.8020947439
2014,-51.4656325406
2016,13.6989404995
