year,y
2000,14.8622631584
2002,8.45415455913
2004,0.0
2006,3.23523565076
2008,0.0
2010,0.0
2012,12.5684074094
2014,11.1964380096
2016,13.7900831024
