year,y
2000,6.231412337
2002,5.2631578948
2004,5.2631578948
2008,5.09421142688
2010,30.9710545479
2012,9.67352087691
2014,-2.06119683348
2016,-1.71185697705
