year,y
2000,-9.31744837066
2002,-11.1111111112
2004,-11.1111111112
2008,-11.1111111112
2010,-11.1219382345
2012,5.49870400347
2014,16.4605959889
2016,12.1568197741
