year,y
2000,2.81654572884
2002,-1.06489473919
2004,0.674218978413
2006,0.6307614696
2008,-5.5555555556
2010,5.64454714409
2012,13.1616708508
2014,18.0685237733
2016,19.7955914888
