year,y
2000,1.88559009776
2002,2.18894714298
2004,7.030426081
2006,0.0
2008,0.0
2010,0.23472373024
2012,9.0893580768
2014,-25.0
2016,10.3698621991
