year,y
2000,0.0
2002,-32.6993411695
2004,0.0
2008,-66.6371544333
2010,-65.6333390768
2012,-17.4630371135
2014,-48.3620218611
2016,-50.0
