year,y
2000,-22.3892937766
2002,14.1595431247
2004,-5.04297373106
2008,8.58485325922
2010,30.4418468841
2012,8.59102630082
2014,27.58295583
2016,20.5995165459
