year,y
2000,4.02787065457
2002,11.8379991582
2004,13.4826319591
2006,14.0614040269
2008,7.88850259387
2010,16.6666666667
2012,16.6666666667
2014,19.5483091427
2016,18.2608511123
