year,y
2000,14.2857142858
2002,-42.4653984498
2004,-14.2857142858
2008,-40.5713406777
2010,-8.14496546295
2012,0.0
2014,-2.83133141074
2016,0.0
