year,y
2000,19.9472418095
2002,21.4285714286
2004,7.1428571429
2006,21.4285714286
2008,-7.6395247956
2010,19.3936947666
2012,32.0017729855
2014,27.4229911012
2016,30.6641666402
