year,y
2000,0.0
2002,4.43103005475
2004,65.701784518
2008,0.0
2010,67.4657134351
2012,31.5097095566
2014,0.0
2016,-0.18019820626
