year,y
2000,0.0
2002,-4.25479582251
2004,-50.0
2008,-48.6640079789
2010,-14.4828050438
2012,-12.4598734025
2014,-23.8628342685
2016,-18.0197354564
