year,y
2000,27.5532887174
2002,38.4073880537
2004,18.6411045307
2008,51.3934770186
2010,26.800206583
2012,10.1196756545
2014,12.9575091127
2016,-8.57124285013
