year,y
2000,0.0
2002,-12.2111229762
2004,-25.0
2006,-23.1298667338
2008,-25.0
2010,-16.7428979161
2012,-18.5031755504
2014,-19.084571992
2016,-18.256541307
