year,y
2000,-6.70410227392
2002,-2.48903540112
2004,-7.29721774866
2006,-11.1683221883
2008,-0.72669958205
2010,-6.63093176638
2012,-6.61659755495
2014,0.0
2016,-0.197826291655
