year,y
2000,-11.4254844683
2002,20.0
2004,20.0
2008,15.4311230571
2010,0.303774731676
2012,28.5714285714
2014,28.5714285714
2016,14.2857142857
