year,y
2000,-6.8496580783
2002,10.0
2004,10.0
2006,8.38390987188
2008,2.76950710448
2010,3.79111064569
2012,11.9915792178
2014,12.8311798083
2016,14.2857142857
