year,y
2000,-2.41612543913
2002,0.0
2004,0.0
2006,-3.95634063339
2008,-12.5
2010,-2.2280308635
2012,-1.59532514423
2014,-0.922001755559
2016,0.687399287876
