year,y
2000,-20.0
2002,25.0003817728
2004,0.0
2008,0.0
2010,-16.8778750158
2012,4.75353624912
2014,46.6566696383
2016,25.0
