year,y
2000,0.0
2002,-50.0
2004,0.0
2008,-16.8982765591
2010,-6.77094371509
2012,14.75
2014,27.0715492303
2016,34.6343481487
