year,y
2000,2.74676082435
2002,5.5555555556
2004,5.5555555556
2006,5.5555555556
2008,1.45959921631
2010,5.5555555556
2012,25.0
2014,24.9876074335
2016,19.6416569197
