year,y
2000,11.1488970591
2002,11.1111111112
2004,11.1111111112
2008,14.4773066168
2010,11.1111111112
2012,49.305583805
2014,48.0770298169
2016,29.2335653694
