year,y
2000,8.82573762588
2002,9.69285955816
2004,10.9152783759
2006,9.51561652104
2008,9.30456503012
2010,10.4085970853
2012,8.91218617493
2014,7.4584412343
2016,10.7412697926
