year,y
2000,-65.9730772393
2002,-65.3826133222
2004,-66.3781098124
2008,-66.8416451335
2010,-66.4753717062
2012,-64.6141201157
2014,-67.6522786128
2016,16.0721045354
