year,y
2000,-10.0
2002,0.0
2004,0.0
2006,0.0
2008,-9.0147362077
2010,6.34962816788
2012,22.6553705273
2014,25.0
2016,25.0
