year,y
2000,5.52665437583
2002,1.75415326353
2004,2.36026028126
2008,-13.1022432011
2010,-23.076923077
2012,29.4771399647
2014,33.6702852519
2016,43.0084653499
