year,y
2000,5.40466082495
2002,0.77045469335
2004,3.1112042919
2006,-4.30586182774
2008,-9.07595104365
2010,-9.84474467462
2012,23.8780886388
2014,23.7957771687
2016,25.1906950164
