year,y
2000,5.0
2002,12.8985335142
2004,13.7969268045
2006,14.4942760737
2008,6.2
2010,12.998945507
2012,4.9
2014,13.7988459431
2016,14.999198649
