year,y
2000,64.7285559374
2002,-68.4516009972
2004,67.4
2008,63.5227891784
2010,-67.5570850532
2012,-67.1992828618
2014,-64.5040590463
2016,-67.8047945153
