year,y
2000,-33.3333333334
2002,-21.6371409291
2004,-33.3333333334
2008,26.5791521257
2010,-10.7002391642
2012,22.2230401136
2014,22.2565979153
2016,8.01755851146
