year,y
2000,-8.76908141029
2002,6.34673155661
2004,-16.6666666667
2006,6.91641617155
2008,16.6666666667
2010,6.1295332003
2012,16.006292003
2014,14.6184963407
2016,15.8764310191
