year,y
2000,7.6923076924
2002,3.75553083376
2004,-7.6923076924
2008,-7.6923076924
2010,-17.4150965168
2012,16.6666666666
2014,9.43205831327
2016,-3.64147342116
