year,y
2000,13.9417901291
2002,16.6666666667
2004,16.0626592435
2006,16.0740010233
2008,-3.73360857763
2010,-2.28775675246
2012,-11.6827303484
2014,-16.6666666667
2016,-16.6666666667
