year,y
2000,-17.2525607727
2002,-7.28177523773
2004,-22.1149072594
2008,-0.465769098374
2010,5.90747031389
2012,6.647375157
2014,10.4899973628
2016,-1.7931575743
