year,y
2000,-42.5476499417
2002,-58.4664626581
2004,-56.1695792224
2008,41.9007010179
2010,-33.2857502297
2012,68.2685738191
2014,25.2861864591
2016,-8.03087246696
