year,y
2000,0.5693773668
2002,-3.8461538462
2004,-3.8461538462
2006,-4.48693792072
2008,-6.15983814804
2010,-5.19341346461
2012,0.0
2014,3.54444671983
2016,-3.65137027388
