year,y
2000,9.46523478407
2002,10.7823174727
2004,7.59109580448
2006,-8.39288307961
2008,-11.0734169084
2010,9.74741706648
2012,-5.91998326602
2014,-11.875279255
2016,-9.12016472517
