year,y
2000,33.3333333334
2002,33.3333333334
2004,33.3333333334
2008,33.3333333334
2010,25.1746401424
2012,-4.94924301575
2014,21.5905085358
2016,-33.3333333334
