year,y
2000,0.0
2002,-33.3333333334
2004,-6.21028818363
2008,33.3333333334
2010,-33.3333333334
2012,-5.87275901667
2014,-12.1680359099
2016,29.8436820271
