year,y
2000,0.0
2002,-7.14264741174
2004,8.58817860055
2006,1.4490325847
2008,3.02797823208
2010,-3.98798052158
2012,0.175
2014,-2.69621268611
2016,-13.0983568989
