year,y
2000,5.40082967991
2002,15.490676078
2004,16.6666666667
2006,7.06243147192
2008,1.04731173908
2010,6.57676888805
2012,21.0882936332
2014,23.1734935198
2016,22.9718545288
