year,y
2000,0.861078795664
2002,24.1319207802
2004,32.3521124776
2008,12.9756564939
2010,-9.28004932758
2012,28.4893090951
2014,42.6720874175
2016,23.1070680696
