year,y
2000,2.00588177806
2002,26.5242681996
2004,-9.11695247714
2008,54.6120209716
2010,16.4053220779
2012,-28.9809546116
2014,20.0
2016,20.0
