year,y
2000,17.3425230115
2002,12.6151703418
2004,19.3948908662
2006,28.0979082132
2008,29.1677440773
2010,19.8540792834
2012,-0.740689522328
2014,17.0667173736
2016,17.6487182583
