year,y
2000,-18.9954294031
2002,-20.0
2004,-19.7926527915
2008,20.0
2010,-20.0
2012,20.0
2014,-20.0
2016,-16.6515178897
