year,y
2000,1.08007379856
2002,8.79584902446
2004,11.2634272784
2006,4.13704750231
2008,1.12064788722
2010,11.4664185641
2012,20.3035587921
2014,20.166016446
2016,18.79437114
