year,y
2000,13.546532713
2002,6.12174095511
2004,17.0736127463
2008,21.9624179044
2010,1.06450990066
2012,44.4444444444
2014,31.0994845286
2016,8.26251651001
