year,y
2000,0.0
2002,0.0
2004,0.0
2006,-10.0674813668
2008,-11.0544332607
2010,-2.50357574643
2012,-10.1821105912
2014,-7.05814904758
2016,-7.1264334321
