year,y
2000,0.0
2002,0.0
2004,0.0
2008,49.4152216988
2010,0.0
2012,39.6104877029
2014,59.4211593136
2016,66.7191682388
