year,y
2000,22.6479278357
2002,-30.4092444869
2004,1.42284903028
2008,6.34146848408
2010,0.0
2012,14.2857142858
2014,14.2008991886
2016,29.4117647058
