year,y
2000,13.6120274365
2002,8.0123622979
2004,16.6666666667
2006,16.6666666667
2008,9.39467622476
2010,9.71968169199
2012,21.2346127759
2014,16.5117533692
2016,23.64594691
