year,y
2000,-66.5102868741
2002,-64.7520461281
2004,67.0060001034
2008,68.6231473297
2010,-67.54579809
2012,-68.5153454759
2014,-65.0118507956
2016,13.7440913253
