year,y
2000,7.03072099897
2002,4.18256767718
2004,-7.90606217377
2006,-12.8028714835
2008,-8.5651940466
2010,10.73937634
2012,7.44816243333
2014,10.0392824959
2016,13.6890475787
