year,y
2000,5.5555555556
2002,-3.22466783105
2004,-5.5555555556
2006,-5.5555555556
2008,-5.5555555556
2010,8.82887721045
2012,14.6717888585
2014,18.5309344982
2016,23.7708462773
