year,y
2000,11.1111111112
2002,-12.7149726872
2004,-12.6369636983
2008,-10.4202754881
2010,-3.47427259617
2012,10.3704668376
2014,14.591810977
2016,38.430364548
