year,y
2000,-8.37080479517
2002,-3.59384482233
2004,4.98721952388
2008,1.7358364873
2010,-1.13489851593
2012,10.0710807379
2014,-6.32439291363
2016,16.8868055122
