year,y
2000,-7.13193113647
2002,-4.90218598786
2004,9.01905235446
2006,11.9260141381
2008,6.53894831501
2010,11.0722333472
2012,11.0732007421
2014,12.3628020315
2016,11.5606564449
