year,y
2000,2.10419186318
2002,2.59263961913
2004,3.05367382692
2006,1.24188231522
2008,-3.71687713915
2010,2.22716371201
2012,7.13735836897
2014,8.21400397128
2016,8.62737309662
