year,y
2000,3.68508792846
2002,-1.93970669744
2004,0.532315464855
2008,0.240096921927
2010,-5.55067494522
2012,9.26161006828
2014,8.83241694815
2016,6.44396228932
