year,y
2000,11.293652291
2002,10.9509886447
2004,33.3333333334
2008,33.3333333334
2010,33.3333333334
2012,1.38167740211
2014,-2.78527197032
2016,16.7027388964
