year,y
2000,12.9664985064
2002,12.7147029037
2004,16.6666666667
2006,-16.6666666667
2008,16.6666666667
2010,16.6666666667
2012,12.2255123527
2014,11.9618434593
2016,-0.973883887625
