year,y
2000,1.57712238322
2002,19.9607028655
2004,13.3777861902
2006,12.6383499193
2008,3.66221478912
2010,8.74043358813
2012,16.1078751153
2014,20.1038425649
2016,18.0046255135
