year,y
2000,10.6381222704
2002,36.5525928646
2004,0.015493713828
2008,-9.090909091
2010,-26.552375204
2012,15.9683992586
2014,16.7871916142
2016,8.71512035106
