year,y
2000,67.8699695425
2002,-66.3810235535
2004,-68.9420978584
2008,-67.2082208464
2010,68.3048400888
2012,68.6213487343
2014,64.7792877816
2016,-67.2128654074
