year,y
2000,0.226413534069
2002,-12.8128099198
2004,-17.3742438429
2008,-18.5823272548
2010,11.1291626729
2012,-3.57670522449
2014,16.7570899664
2016,-13.0140259212
