year,y
2000,32.5256117665
2002,-33.3333333334
2004,-33.3333333334
2008,-33.3333333334
2010,-33.3333333334
2012,5.7651113114
2014,-33.3333333334
2016,9.42158197728
