year,y
2000,-2.83621142647
2002,0.0
2004,0.0
2006,-8.03933827414
2008,-9.92511119577
2010,-0.994972744711
2012,12.5
2014,12.5
2016,12.5
