year,y
2000,-11.1111111112
2002,0.0
2004,0.0
2008,-8.39631873019
2010,-23.0
2012,25.0
2014,24.5850121976
2016,12.5
