year,y
2000,13.3250269151
2002,10.6741358766
2004,6.41689128654
2006,4.09979532484
2008,12.0838102206
2010,10.4788969108
2012,11.6034482761
2014,2.22718359046
2016,7.8399737528
