year,y
2000,-66.2212952994
2002,-66.3438617401
2004,-67.0727922929
2008,-64.8559255805
2010,-67.1492349052
2012,-67.330063609
2014,-67.8061488587
2016,9.8982766512
